{
    "global": {
        "cluster_type": "VSAN2NODE",
        "ntp_servers": [],
        "is_internal_dns": false,
        "dns_servers": [
            "192.168.1.1"
        ],
        "syslog_servers": [],
        "top_level_domain": "example.com",
        "cluster_management_netmask": "255.255.255.0",
        "cluster_management_gateway": "192.168.1.1",
        "cluster_vsan_netmask": "255.255.255.0",
        "cluster_vmotion_netmask": "255.255.255.0",
        "cluster_witness_netmask": "255.255.255.0",
        "cluster_witness_gateway": "192.168.100.1"
    },
    "version": "7.0.201",
    "hosts": [
        {
            "hostname": "host-01",
            "accounts": {
                "root": {
                    "username": "root",
                    "password": ""
                },
                "management": {
                    "username": "esximgr",
                    "password": ""
                }
            },
            "geo_location": {
                "rack_name": "",
                "position": null
            },
            "network": [
                {
                    "type": "MANAGEMENT",
                    "ip": "192.168.1.50"
                },
                {
                    "type": "VSAN",
                    "ip": "192.168.80.1"
                },
                {
                    "type": "VMOTION",
                    "ip": "192.168.90.1"
                },
                {
                    "type": "WITNESS",
                    "ip": "192.168.100.1"
                }
            ],
            "host_psnt": ""
        },
        {
            "hostname": "host-02",
            "accounts": {
                "root": {
                    "username": "root",
                    "password": ""
                },
                "management": {
                    "username": "esximgr",
                    "password": ""
                }
            },
            "geo_location": {
                "rack_name": "",
                "position": null
            },
            "network": [
                {
                    "type": "MANAGEMENT",
                    "ip": "192.168.1.51"
                },
                {
                    "type": "VSAN",
                    "ip": "192.168.80.2"
                },
                {
                    "type": "VMOTION",
                    "ip": "192.168.90.2"
                },
                {
                    "type": "WITNESS",
                    "ip": "192.168.100.2"
                }
            ],
            "host_psnt": ""
        }
    ],
    "vcenter": {
        "customer_supplied": true,
        "customer_supplied_vc_name_or_ip": "192.168.1.151",
        "datacenter_name": "customdatacentername",
        "cluster_name": "2_node_2VDS",
        "accounts": {
            "administrator": {
                "username": "vcenteruser@vcadmin.com",
                "password": ""
            },
            "management": {
                "username": "vcentermgr",
                "password": ""
            }
        }
    },
    "network": {
        "nic_profile": "ADVANCED_CUSTOMER_SUPPLIED_VDS",
        "vds": [
            {
                "name": "ExistingVDS1",
                "nic_mappings": [
                    {
                        "uplinks": [
                            {
                                "name": "vds1uplink1",
                                "physical_nic": "vmnic0"
                            },
                            {
                                "name": "vds1uplink2",
                                "physical_nic": "vmnic1"
                            }
                        ]
                    }
                ],
                "portgroups": [
                    {
                        "type": "VXRAILDISCOVERY",
                        "name": "DiscoveryCustomer",
                        "vlan_id": 5
                    },
                    {
                        "type": "MANAGEMENT",
                        "name": "MgmtCustom",
                        "vlan_id": 0
                    },
                    {
                        "type": "VXRAILSYSTEMVM",
                        "name": "vcenterCustom",
                        "vlan_id": 4
                    }
                ]
            },
            {
                "name": "ExistingVDS2",
                "nic_mappings": [
                    {
                        "uplinks": [
                            {
                                "name": "vds2uplink1",
                                "physical_nic": "vmnic2"
                            },
                            {
                                "name": "vds2uplink2",
                                "physical_nic": "vmnic3"
                            }
                        ]
                    }
                ],
                "portgroups": [
                    {
                        "type": "VSAN",
                        "name": "vsancustom",
                        "vlan_id": 1
                    },
                    {
                        "type": "VMOTION",
                        "name": "vmotioncustom",
                        "vlan_id": 2
                    },
                    {
                        "type": "WITNESS",
                        "name": "witnesscustom",
                        "vlan_id": 6
                    }
                ]
            }
        ]
    },
    "vxrail_manager": {
        "name": "vxrm",
        "ip": "192.168.1.58",
        "accounts": {
            "root": {
                "username": "root",
                "password": ""
            },
            "service": {
                "username": "mystic",
                "password": ""
            }
        }
    },
    "witness_node": {
        "management_ip": "192.168.100.3",
        "witness_ip": "192.168.100.4",
        "gateway": "192.168.100.1",
        "netmask": "255.255.255.0",
        "username": "witnessuser",
        "password": ""
    }
}