{
    "global": {
        "cluster_type": "STANDARD",
        "ntp_servers": [],
        "is_internal_dns": true,
        "dns_servers": [],
        "syslog_servers": [],
        "top_level_domain": "tld.com",
        "cluster_management_netmask": "255.255.255.0",
        "cluster_management_gateway": "192.168.0.1",
        "cluster_vsan_netmask": "255.255.255.0",
        "cluster_vmotion_netmask": "255.255.255.0"
    },
    "version": "7.0.010",
    "hosts": [
        {
            "host_serial_number": "",
            "network": [
                {
                    "ip": "192.168.0.20",
                    "type": "MANAGEMENT"
                },
                {
                    "ip": "192.168.0.99",
                    "type": "VSAN"
                },
                {
                    "ip": "192.168.0.49",
                    "type": "VMOTION"
                }
            ],
            "hostname": "esxi-01",
            "accounts": {
                "management": {
                    "username": "esximgmtuser",
                    "password": ""
                },
                "root": {
                    "username": "root",
                    "password": ""
                }
            },
            "geo_location": {
                "rack_name": "",
                "position": null
            }
        },
        {
            "host_serial_number": "",
            "network": [
                {
                    "ip": "192.168.0.21",
                    "type": "MANAGEMENT"
                },
                {
                    "ip": "192.168.0.100",
                    "type": "VSAN"
                },
                {
                    "ip": "192.168.0.50",
                    "type": "VMOTION"
                }
            ],
            "hostname": "esxi-02",
            "accounts": {
                "management": {
                    "username": "esximgmtuser",
                    "password": ""
                },
                "root": {
                    "username": "root",
                    "password": ""
                }
            },
            "geo_location": {
                "rack_name": "",
                "position": null
            }
        },
        {
            "host_serial_number": "",
            "network": [
                {
                    "ip": "192.168.0.22",
                    "type": "MANAGEMENT"
                },
                {
                    "ip": "192.168.0.101",
                    "type": "VSAN"
                },
                {
                    "ip": "192.168.0.51",
                    "type": "VMOTION"
                }
            ],
            "hostname": "esxi-03",
            "accounts": {
                "management": {
                    "username": "esximgmtuser",
                    "password": ""
                },
                "root": {
                    "username": "root",
                    "password": ""
                }
            },
            "geo_location": {
                "rack_name": "",
                "position": null
            }
        },
        {
            "host_serial_number": "",
            "network": [
                {
                    "ip": "192.168.0.23",
                    "type": "MANAGEMENT"
                },
                {
                    "ip": "192.168.0.102",
                    "type": "VSAN"
                },
                {
                    "ip": "192.168.0.52",
                    "type": "VMOTION"
                }
            ],
            "hostname": "esxi-04",
            "accounts": {
                "management": {
                    "username": "esximgmtuser",
                    "password": ""
                },
                "root": {
                    "username": "root",
                    "password": ""
                }
            },
            "geo_location": {
                "rack_name": "",
                "position": null
            }
        },
        {
            "host_serial_number": "",
            "network": [
                {
                    "ip": "192.168.0.24",
                    "type": "MANAGEMENT"
                },
                {
                    "ip": "192.168.0.103",
                    "type": "VSAN"
                },
                {
                    "ip": "192.168.0.53",
                    "type": "VMOTION"
                }
            ],
            "hostname": "esxi-05",
            "accounts": {
                "management": {
                    "username": "esximgmtuser",
                    "password": ""
                },
                "root": {
                    "username": "root",
                    "password": ""
                }
            },
            "geo_location": {
                "rack_name": "",
                "position": null
            }
        },
        {
            "host_serial_number": "",
            "network": [
                {
                    "ip": "192.168.0.25",
                    "type": "MANAGEMENT"
                },
                {
                    "ip": "192.168.0.104",
                    "type": "VSAN"
                },
                {
                    "ip": "192.168.0.54",
                    "type": "VMOTION"
                }
            ],
            "hostname": "esxi-06",
            "accounts": {
                "management": {
                    "username": "esximgmtuser",
                    "password": ""
                },
                "root": {
                    "username": "root",
                    "password": ""
                }
            },
            "geo_location": {
                "rack_name": "",
                "position": null
            }
        }
    ],
    "vcenter": {
        "customer_supplied": false,
        "vxrail_supplied_vc_ip": "192.168.0.32",
        "vxrail_supplied_vc_name": "vcenter",
        "accounts": {
            "root": {
                "username": "root",
                "password": ""
            },
            "administrator": {
                "username": "administrator@vsphere.local",
                "password": ""
            },
            "management": {
                "username": "vcuser",
                "password": ""
            }
        }
    },
    "network": {
        "vds": {
            "nic_profile": "FOUR_HIGH_SPEED",
            "systemvm_portgroup_binding_type": "EPHEMERAL",
            "portgroups": [
                {
                    "type": "MANAGEMENT",
                    "vlan_id": 0
                },
                {
                    "type": "VSAN",
                    "vlan_id": 1
                },
                {
                    "type": "VMOTION",
                    "vlan_id": 0
                },
                {
                    "type": "CUSTOMERVM",
                    "name": "vmguests",
                    "vlan_id": 0
                }
            ]
        },
        "sfs": {
            "REST_USER_password": ""
        }
    },
    "vxrail_manager": {
        "name": "vxrm-host",
        "ip": "192.168.0.35",
        "accounts": {
            "root": {
                "username": "root",
                "password": ""
            },
            "service": {
                "username": "mystic",
                "password": ""
            }
        }
    }
}