{
    "global": {
        "cluster_type": "STANDARD",
        "ntp_servers": [
            "192.168.1.10"
        ],
        "is_internal_dns": false,
        "dns_servers": [
            "192.168.1.12"
        ],
        "syslog_servers": [
            "192.168.1.11"
        ],
        "top_level_domain": "example.com",
        "cluster_management_netmask": "255.255.255.0",
        "cluster_management_gateway": "192.168.1.1",
        "cluster_vsan_netmask": "255.255.255.0",
        "cluster_vmotion_netmask": "255.255.255.0"
    },
    "version": "7.0.210",
    "storage": {
        "disk_group_type": "2403"
    },
    "hosts": [
        {
            "network": [
                {
                    "ip": "192.168.1.51",
                    "type": "MANAGEMENT"
                },
                {
                    "ip": "192.168.1.170",
                    "type": "VSAN"
                },
                {
                    "ip": "192.168.1.179",
                    "type": "VMOTION"
                }
            ],
            "hostname": "esx-01",
            "accounts": {
                "management": {
                    "username": "esxmgmt",
                    "password": ""
                },
                "root": {
                    "username": "root",
                    "password": ""
                }
            },
            "geo_location": {
                "rack_name": "Rack01",
                "position": 2
            },
            "customer_supplied": {
                "management_ip": "192.168.1.100",
                "current_root_password": ""
            },
            "host_psnt": ""
        },
        {
            "network": [
                {
                    "ip": "192.168.1.52",
                    "type": "MANAGEMENT"
                },
                {
                    "ip": "192.168.1.171",
                    "type": "VSAN"
                },
                {
                    "ip": "192.168.1.180",
                    "type": "VMOTION"
                }
            ],
            "hostname": "esx-02",
            "accounts": {
                "management": {
                    "username": "esxmgmt",
                    "password": ""
                },
                "root": {
                    "username": "root",
                    "password": ""
                }
            },
            "geo_location": {
                "rack_name": "Rack02",
                "position": 3
            },
            "customer_supplied": {
                "management_ip": "192.168.1.101",
                "current_root_password": ""
            },
            "host_psnt": ""
        },
        {
            "network": [
                {
                    "ip": "192.168.1.53",
                    "type": "MANAGEMENT"
                },
                {
                    "ip": "192.168.1.172",
                    "type": "VSAN"
                },
                {
                    "ip": "192.168.1.181",
                    "type": "VMOTION"
                }
            ],
            "hostname": "esx-03",
            "accounts": {
                "management": {
                    "username": "esxmgmt",
                    "password": ""
                },
                "root": {
                    "username": "root",
                    "password": ""
                }
            },
            "geo_location": {
                "rack_name": "Rack02",
                "position": 4
            },
            "customer_supplied": {
                "management_ip": "192.168.1.102",
                "current_root_password": ""
            },
            "host_psnt": ""
        }
    ],
    "network": {
        "sfs": {
            "REST_USER_password": ""
        },
        "nic_profile": "ADVANCED_VXRAIL_SUPPLIED_VDS",
        "vds": [
            {
                "nic_mappings": [
                    {
                        "uplinks": [
                            {
                                "name": "uplink1",
                                "physical_nic": "vmnic2"
                            },
                            {
                                "name": "uplink2",
                                "physical_nic": "vmnic3"
                            }
                        ]
                    }
                ],
                "portgroups": [
                    {
                        "type": "VXRAILDISCOVERY",
                        "failover_order": {
                            "active": [
                                "uplink1"
                            ],
                            "standby": [
                                "uplink2"
                            ]
                        },
                        "vlan_id": 3939
                    },
                    {
                        "type": "MANAGEMENT",
                        "failover_order": {
                            "active": [
                                "uplink1"
                            ],
                            "standby": [
                                "uplink2"
                            ]
                        },
                        "vlan_id": 1
                    },
                    {
                        "type": "VXRAILSYSTEMVM",
                        "failover_order": {
                            "active": [
                                "uplink1"
                            ],
                            "standby": [
                                "uplink2"
                            ]
                        },
                        "vlan_id": 1
                    }
                ]
            },
            {
                "nic_mappings": [
                    {
                        "uplinks": [
                            {
                                "name": "uplink1",
                                "physical_nic": "vmnic11"
                            },
                            {
                                "name": "uplink2",
                                "physical_nic": "vmnic10"
                            }
                        ]
                    }
                ],
                "portgroups": [
                    {
                        "type": "VSAN",
                        "failover_order": {
                            "active": [
                                "uplink2"
                            ],
                            "standby": [
                                "uplink1"
                            ]
                        },
                        "vlan_id": 3
                    },
                    {
                        "type": "VMOTION",
                        "failover_order": {
                            "active": [
                                "uplink1"
                            ],
                            "standby": [
                                "uplink2"
                            ]
                        },
                        "vlan_id": 6
                    }
                ]
            }
        ],
        "management_portgroup_binding_type": "STATIC_BINDING",
        "systemvm_portgroup_binding_type": "STATIC_BINDING"
    },
    "vcenter": {
        "customer_supplied": true,
        "datacenter_name": "DC01",
        "cluster_name": "7.x.210",
        "accounts": {
            "administrator": {
                "username": "vcadmin@example.com",
                "password": ""
            },
            "management": {
                "username": "vcmgmt",
                "password": ""
            }
        },
        "customer_supplied_vc_name_or_ip": "vcenter.example.com"
    },
    "vxrail_manager": {
        "name": "vxrm",
        "ip": "192.168.1.70",
        "accounts": {
            "root": {
                "username": "root",
                "password": ""
            },
            "service": {
                "username": "mystic",
                "password": ""
            }
        }
    }
}