{
    "global": {
        "cluster_type": "STANDARD",
        "ntp_servers": [],
        "is_internal_dns": true,
        "dns_servers": [],
        "syslog_servers": [],
        "top_level_domain": "tld.com",
        "cluster_management_netmask": "255.255.255.0",
        "cluster_management_gateway": "192.168.0.1",
        "cluster_vsan_netmask": "255.255.255.0",
        "cluster_vmotion_netmask": "255.255.255.0"
    },
    "version": "7.0.100",
    "hosts": [
        {
            "hostname": "esx-01",
            "accounts": {
                "root": {
                    "username": "root",
                    "password": ""
                },
                "management": {
                    "username": "esxmgmt",
                    "password": ""
                }
            },
            "geo_location": {
                "rack_name": "",
                "position": null
            },
            "network": [
                {
                    "type": "MANAGEMENT",
                    "ip": "192.168.0.150"
                },
                {
                    "type": "VSAN",
                    "ip": "192.168.0.50"
                },
                {
                    "type": "VMOTION",
                    "ip": "192.168.0.60"
                }
            ],
            "host_psnt": ""
        },
        {
            "hostname": "esx-02",
            "accounts": {
                "root": {
                    "username": "root",
                    "password": ""
                },
                "management": {
                    "username": "esxmgmt",
                    "password": ""
                }
            },
            "geo_location": {
                "rack_name": "",
                "position": null
            },
            "network": [
                {
                    "type": "MANAGEMENT",
                    "ip": "192.168.0.151"
                },
                {
                    "type": "VSAN",
                    "ip": "192.168.0.51"
                },
                {
                    "type": "VMOTION",
                    "ip": "192.168.0.61"
                }
            ],
            "host_psnt": ""
        },
        {
            "hostname": "esx-03",
            "accounts": {
                "root": {
                    "username": "root",
                    "password": ""
                },
                "management": {
                    "username": "esxmgmt",
                    "password": ""
                }
            },
            "geo_location": {
                "rack_name": "",
                "position": null
            },
            "network": [
                {
                    "type": "MANAGEMENT",
                    "ip": "192.168.0.152"
                },
                {
                    "type": "VSAN",
                    "ip": "192.168.0.52"
                },
                {
                    "type": "VMOTION",
                    "ip": "192.168.0.62"
                }
            ],
            "host_psnt": ""
        }
    ],
    "vcenter": {
        "customer_supplied": false,
        "vxrail_supplied_vc_ip": "192.168.0.100",
        "vxrail_supplied_vc_name": "vchost",
        "accounts": {
            "root": {
                "username": "root",
                "password": ""
            },
            "administrator": {
                "username": "administrator@vsphere.local",
                "password": ""
            },
            "management": {
                "username": "vcmgmt",
                "password": ""
            }
        }
    },
    "network": {
        "vds": {
            "nic_profile": "TWO_HIGH_SPEED",
            "systemvm_portgroup_binding_type": "EPHEMERAL",
            "portgroups": [
                {
                    "type": "MANAGEMENT",
                    "vlan_id": 1
                },
                {
                    "type": "VSAN",
                    "vlan_id": 2
                },
                {
                    "type": "VMOTION",
                    "vlan_id": 3
                }
            ]
        },
        "sfs": {
            "REST_USER_password": ""
        }
    },
    "vxrail_manager": {
        "name": "vxrmhost",
        "ip": "192.168.0.10",
        "accounts": {
            "root": {
                "username": "root",
                "password": ""
            },
            "service": {
                "username": "mystic",
                "password": ""
            }
        }
    }
}