{
    "global": {
        "cluster_management_gateway": "192.168.1.1",
        "cluster_management_netmask": "255.255.255.0",
        "cluster_type": "VSAN2NODE",
        "cluster_vmotion_netmask": "255.255.255.0",
        "cluster_vsan_netmask": "255.255.255.0",
        "cluster_witness_gateway": "",
        "cluster_witness_netmask": "255.255.255.0",
        "dns_servers": [
            "192.168.0.1"
        ],
        "is_internal_dns": false,
        "ntp_servers": [],
        "syslog_servers": [],
        "top_level_domain": "example.com"
    },
    "hosts": [
        {
            "accounts": {
                "management": {
                    "password": "",
                    "username": "admin"
                },
                "root": {
                    "password": "",
                    "username": "root"
                }
            },
            "geo_location": {
                "position": null,
                "rack_name": ""
            },
            "hostname": "esxi-01",
            "network": [
                {
                    "ip": "192.168.1.20",
                    "type": "MANAGEMENT"
                },
                {
                    "ip": "192.168.4.1",
                    "type": "VSAN"
                },
                {
                    "ip": "192.168.5.1",
                    "type": "VMOTION"
                },
                {
                    "ip": "192.168.6.1",
                    "type": "WITNESS"
                }
            ],
            "host_psnt": ""
        },
        {
            "accounts": {
                "management": {
                    "password": "",
                    "username": "admin"
                },
                "root": {
                    "password": "",
                    "username": "root"
                }
            },
            "geo_location": {
                "position": null,
                "rack_name": ""
            },
            "hostname": "esxi-02",
            "network": [
                {
                    "ip": "192.168.1.21",
                    "type": "MANAGEMENT"
                },
                {
                    "ip": "192.168.4.2",
                    "type": "VSAN"
                },
                {
                    "ip": "192.168.5.2",
                    "type": "VMOTION"
                },
                {
                    "ip": "192.168.6.2",
                    "type": "WITNESS"
                }
            ],
            "host_psnt": ""
        }
    ],
    "network": {
        "management_portgroup_binding_type": "STATIC_BINDING",
        "nic_profile": "FOUR_HIGH_SPEED",
        "systemvm_portgroup_binding_type": "EPHEMERAL",
        "vds": [
            {
                "portgroups": [
                    {
                        "type": "MANAGEMENT",
                        "vlan_id": 1
                    },
                    {
                        "type": "VSAN",
                        "vlan_id": 2
                    },
                    {
                        "type": "VMOTION",
                        "vlan_id": 3
                    },
                    {
                        "type": "WITNESS",
                        "vlan_id": 6
                    },
                    {
                        "name": "Guest VLAN",
                        "type": "CUSTOMERVM",
                        "vlan_id": 4
                    },
                    {
                        "name": "Admin VLAN",
                        "type": "CUSTOMERVM",
                        "vlan_id": 5
                    }
                ]
            }
        ]
    },
    "vcenter": {
        "accounts": {
            "administrator": {
                "password": "",
                "username": "admin@vcenter.example.com"
            },
            "management": {
                "password": "",
                "username": "admin"
            }
        },
        "cluster_name": "2Node",
        "customer_supplied": true,
        "customer_supplied_vc_name_or_ip": "vcenter.example.com",
        "datacenter_name": "ROBO"
    },
    "version": "7.0.202",
    "vxrail_manager": {
        "accounts": {
            "root": {
                "password": "",
                "username": "root"
            },
            "service": {
                "password": "",
                "username": "mystic"
            }
        },
        "ip": "192.168.1.10",
        "name": "vxrm"
    },
    "witness_node": {
        "gateway": "",
        "management_ip": "192.168.5.3",
        "netmask": "255.255.255.0",
        "password": "",
        "username": "admin",
        "witness_ip": "192.168.5.4"
    }
}