{
    "global": {
        "cluster_type": "STANDARD",
        "ntp_servers": [],
        "is_internal_dns": true,
        "dns_servers": [],
        "syslog_servers": [],
        "top_level_domain": "tld.com",
        "cluster_management_netmask": "255.255.255.0",
        "cluster_management_gateway": "192.168.0.1",
        "cluster_vsan_netmask": "255.255.255.0",
        "cluster_vmotion_netmask": "255.255.255.0"
    },
    "version": "7.0.100",
    "hosts": [
        {
            "network": [
                {
                    "ip": "192.168.0.50",
                    "type": "MANAGEMENT"
                },
                {
                    "ip": "192.168.0.19",
                    "type": "VSAN"
                },
                {
                    "ip": "192.168.0.24",
                    "type": "VMOTION"
                }
            ],
            "hostname": "esxi-01",
            "accounts": {
                "management": {
                    "username": "esxmgmtuser",
                    "password": ""
                },
                "root": {
                    "username": "root",
                    "password": ""
                }
            },
            "geo_location": {
                "rack_name": "",
                "position": null
            },
            "host_psnt": ""
        },
        {
            "network": [
                {
                    "ip": "192.168.0.51",
                    "type": "MANAGEMENT"
                },
                {
                    "ip": "192.168.0.20",
                    "type": "VSAN"
                },
                {
                    "ip": "192.168.0.25",
                    "type": "VMOTION"
                }
            ],
            "hostname": "esxi-02",
            "accounts": {
                "management": {
                    "username": "esxmgmtuser",
                    "password": ""
                },
                "root": {
                    "username": "root",
                    "password": ""
                }
            },
            "geo_location": {
                "rack_name": "",
                "position": null
            },
            "host_psnt": ""
        },
        {
            "network": [
                {
                    "ip": "192.168.0.52",
                    "type": "MANAGEMENT"
                },
                {
                    "ip": "192.168.0.21",
                    "type": "VSAN"
                },
                {
                    "ip": "192.168.0.26",
                    "type": "VMOTION"
                }
            ],
            "hostname": "esxi-03",
            "accounts": {
                "management": {
                    "username": "esxmgmtuser",
                    "password": ""
                },
                "root": {
                    "username": "root",
                    "password": ""
                }
            },
            "geo_location": {
                "rack_name": "",
                "position": null
            },
            "host_psnt": ""
        }
    ],
    "vcenter": {
        "customer_supplied": false,
        "vxrail_supplied_vc_ip": "192.168.0.10",
        "vxrail_supplied_vc_name": "vcenter",
        "accounts": {
            "root": {
                "username": "root",
                "password": ""
            },
            "administrator": {
                "username": "administrator@vsphere.local",
                "password": ""
            },
            "management": {
                "username": "vcuser",
                "password": ""
            }
        }
    },
    "network": {
        "vds": {
            "nic_profile": "TWO_HIGH_SPEED",
            "systemvm_portgroup_binding_type": "EPHEMERAL",
            "portgroups": [
                {
                    "type": "MANAGEMENT",
                    "vlan_id": 1
                },
                {
                    "type": "VSAN",
                    "vlan_id": 1
                },
                {
                    "type": "VMOTION",
                    "vlan_id": 1
                }
            ]
        }
    },
    "vxrail_manager": {
        "name": "vxrmhost",
        "ip": "192.168.0.15",
        "accounts": {
            "root": {
                "username": "root",
                "password": ""
            },
            "service": {
                "username": "mystic",
                "password": ""
            }
        }
    }
}