{
    "global": {
        "cluster_type": "STANDARD",
        "ntp_servers": [
            "192.168.1.3"
        ],
        "is_internal_dns": false,
        "dns_servers": [
            "192.168.1.2"
        ],
        "syslog_servers": [
            "192.168.1.4"
        ],
        "top_level_domain": "6nodes.com",
        "cluster_management_netmask": "255.255.255.0",
        "cluster_management_gateway": "192.168.1.1",
        "cluster_vsan_netmask": "255.255.255.0",
        "cluster_vmotion_netmask": "255.255.255.0"
    },
    "version": "7.0.130",
    "hosts": [
        {
            "hostname": "6node-01",
            "accounts": {
                "root": {
                    "username": "root",
                    "password": ""
                },
                "management": {
                    "username": "esximgr",
                    "password": ""
                }
            },
            "geo_location": {
                "rack_name": "rack01",
                "position": 5
            },
            "network": [
                {
                    "type": "MANAGEMENT",
                    "ip": "192.168.1.10"
                },
                {
                    "type": "VSAN",
                    "ip": "192.168.10.10"
                },
                {
                    "type": "VMOTION",
                    "ip": "192.168.11.10"
                }
            ],
            "host_psnt": ""
        },
        {
            "hostname": "6node-02",
            "accounts": {
                "root": {
                    "username": "root",
                    "password": ""
                },
                "management": {
                    "username": "esximgr",
                    "password": ""
                }
            },
            "geo_location": {
                "rack_name": "rack01",
                "position": 6
            },
            "network": [
                {
                    "type": "MANAGEMENT",
                    "ip": "192.168.1.11"
                },
                {
                    "type": "VSAN",
                    "ip": "192.168.10.11"
                },
                {
                    "type": "VMOTION",
                    "ip": "192.168.11.11"
                }
            ],
            "host_psnt": ""
        },
        {
            "hostname": "6node-03",
            "accounts": {
                "root": {
                    "username": "root",
                    "password": ""
                },
                "management": {
                    "username": "esximgr",
                    "password": ""
                }
            },
            "geo_location": {
                "rack_name": "rack01",
                "position": 7
            },
            "network": [
                {
                    "type": "MANAGEMENT",
                    "ip": "192.168.1.12"
                },
                {
                    "type": "VSAN",
                    "ip": "192.168.10.12"
                },
                {
                    "type": "VMOTION",
                    "ip": "192.168.11.12"
                }
            ],
            "host_psnt": ""
        },
        {
            "hostname": "6node-04",
            "accounts": {
                "root": {
                    "username": "root",
                    "password": ""
                },
                "management": {
                    "username": "esximgr",
                    "password": ""
                }
            },
            "geo_location": {
                "rack_name": "rack01",
                "position": 5
            },
            "network": [
                {
                    "type": "MANAGEMENT",
                    "ip": "192.168.1.13"
                },
                {
                    "type": "VSAN",
                    "ip": "192.168.10.13"
                },
                {
                    "type": "VMOTION",
                    "ip": "192.168.11.13"
                }
            ],
            "host_psnt": ""
        },
        {
            "hostname": "6node-05",
            "accounts": {
                "root": {
                    "username": "root",
                    "password": ""
                },
                "management": {
                    "username": "esximgr",
                    "password": ""
                }
            },
            "geo_location": {
                "rack_name": "rack02",
                "position": 4
            },
            "network": [
                {
                    "type": "MANAGEMENT",
                    "ip": "192.168.1.14"
                },
                {
                    "type": "VSAN",
                    "ip": "192.168.10.14"
                },
                {
                    "type": "VMOTION",
                    "ip": "192.168.11.14"
                }
            ],
            "host_psnt": ""
        },
        {
            "hostname": "6node-06",
            "accounts": {
                "root": {
                    "username": "root",
                    "password": ""
                },
                "management": {
                    "username": "esximgr",
                    "password": ""
                }
            },
            "geo_location": {
                "rack_name": "rack02",
                "position": 5
            },
            "network": [
                {
                    "type": "MANAGEMENT",
                    "ip": "192.168.1.15"
                },
                {
                    "type": "VSAN",
                    "ip": "192.168.10.15"
                },
                {
                    "type": "VMOTION",
                    "ip": "192.168.11.15"
                }
            ],
            "host_psnt": ""
        }
    ],
    "vcenter": {
        "customer_supplied": false,
        "vxrail_supplied_vc_ip": "192.168.1.5",
        "vxrail_supplied_vc_name": "vcsa",
        "accounts": {
            "root": {
                "username": "root",
                "password": ""
            },
            "administrator": {
                "username": "administrator@vsphere.local",
                "password": ""
            },
            "management": {
                "username": "vcsamgr",
                "password": ""
            }
        }
    },
    "network": {
        "nic_profile": "ADVANCED_VXRAIL_SUPPLIED_VDS",
        "vds": [
            {
                "nic_mappings": [
                    {
                        "uplinks": [
                            {
                                "name": "uplink1",
                                "physical_nic": "vmnic0"
                            },
                            {
                                "name": "uplink2",
                                "physical_nic": "vmnic3"
                            }
                        ]
                    }
                ],
                "portgroups": [
                    {
                        "type": "VXRAILDISCOVERY",
                        "failover_order": {
                            "active": [
                                "uplink1"
                            ],
                            "standby": [
                                "uplink2"
                            ]
                        },
                        "vlan_id": 3939
                    },
                    {
                        "type": "MANAGEMENT",
                        "failover_order": {
                            "active": [
                                "uplink1"
                            ],
                            "standby": [
                                "uplink2"
                            ]
                        },
                        "vlan_id": 1
                    },
                    {
                        "type": "VXRAILSYSTEMVM",
                        "failover_order": {
                            "active": [
                                "uplink1"
                            ],
                            "standby": [
                                "uplink2"
                            ]
                        },
                        "vlan_id": 1
                    },
                    {
                        "type": "VSAN",
                        "failover_order": {
                            "active": [
                                "uplink1"
                            ],
                            "standby": [
                                "uplink2"
                            ]
                        },
                        "vlan_id": 1
                    },
                    {
                        "type": "VMOTION",
                        "failover_order": {
                            "active": [
                                "uplink1"
                            ],
                            "standby": [
                                "uplink2"
                            ]
                        },
                        "vlan_id": 1
                    },
                    {
                        "type": "CUSTOMERVM",
                        "name": "vmguest",
                        "vlan_id": 1,
                        "failover_order": {
                            "active": [
                                "uplink1"
                            ],
                            "standby": [
                                "uplink2"
                            ]
                        }
                    }
                ]
            }
        ],
        "management_portgroup_binding_type": "EPHEMERAL",
        "systemvm_portgroup_binding_type": "STATIC_BINDING"
    },
    "vxrail_manager": {
        "name": "vxrm",
        "ip": "192.168.1.7",
        "accounts": {
            "root": {
                "username": "root",
                "password": ""
            },
            "service": {
                "username": "mystic",
                "password": ""
            }
        }
    }
}