{
    "global": {
        "cluster_type": "STANDARD",
        "ntp_servers": [],
        "is_internal_dns": true,
        "dns_servers": [],
        "syslog_servers": [],
        "top_level_domain": "tld",
        "cluster_management_netmask": "255.255.255.0",
        "cluster_management_gateway": "192.168.0.1",
        "cluster_vsan_netmask": "255.255.255.0",
        "cluster_vmotion_netmask": "255.255.255.0"
    },
    "version": "7.0.210",
    "storage": {
        "disk_group_type": "1002"
    },
    "hosts": [
        {
            "network": [
                {
                    "ip": "192.168.0.100",
                    "type": "MANAGEMENT"
                },
                {
                    "ip": "192.168.0.40",
                    "type": "VSAN"
                },
                {
                    "ip": "192.168.0.80",
                    "type": "VMOTION"
                }
            ],
            "hostname": "esxi-01",
            "accounts": {
                "management": {
                    "username": "esxuname",
                    "password": ""
                },
                "root": {
                    "username": "root",
                    "password": ""
                }
            },
            "geo_location": {
                "rack_name": "RAck07",
                "position": 1
            },
            "host_psnt": ""
        },
        {
            "network": [
                {
                    "ip": "192.168.0.101",
                    "type": "MANAGEMENT"
                },
                {
                    "ip": "192.168.0.41",
                    "type": "VSAN"
                },
                {
                    "ip": "192.168.0.81",
                    "type": "VMOTION"
                }
            ],
            "hostname": "esxi-02",
            "accounts": {
                "management": {
                    "username": "esxuname",
                    "password": ""
                },
                "root": {
                    "username": "root",
                    "password": ""
                }
            },
            "geo_location": {
                "rack_name": "RAck07",
                "position": 3
            },
            "host_psnt": ""
        },
        {
            "network": [
                {
                    "ip": "192.168.0.102",
                    "type": "MANAGEMENT"
                },
                {
                    "ip": "192.168.0.42",
                    "type": "VSAN"
                },
                {
                    "ip": "192.168.0.82",
                    "type": "VMOTION"
                }
            ],
            "hostname": "esxi-03",
            "accounts": {
                "management": {
                    "username": "esxuname",
                    "password": ""
                },
                "root": {
                    "username": "root",
                    "password": ""
                }
            },
            "geo_location": {
                "rack_name": "RAck07",
                "position": 4
            },
            "host_psnt": ""
        }
    ],
    "network": {
        "sfs": {
            "REST_USER_password": ""
        },
        "nic_profile": "TWO_HIGH_SPEED",
        "management_portgroup_binding_type": "STATIC_BINDING",
        "vds": [
            {
                "portgroups": [
                    {
                        "type": "MANAGEMENT",
                        "vlan_id": 1
                    },
                    {
                        "type": "VSAN",
                        "vlan_id": 1
                    },
                    {
                        "type": "VMOTION",
                        "vlan_id": 1
                    }
                ]
            }
        ],
        "systemvm_portgroup_binding_type": "EPHEMERAL"
    },
    "vcenter": {
        "customer_supplied": false,
        "vxrail_supplied_vc_ip": "192.168.0.200",
        "vxrail_supplied_vc_name": "host",
        "accounts": {
            "root": {
                "username": "root",
                "password": ""
            },
            "administrator": {
                "username": "administrator@vsphere.local",
                "password": ""
            },
            "management": {
                "username": "vcuser",
                "password": ""
            }
        }
    },
    "vxrail_manager": {
        "name": "vxrm-host",
        "ip": "192.168.0.205",
        "accounts": {
            "root": {
                "username": "root",
                "password": ""
            },
            "service": {
                "username": "mystic",
                "password": ""
            }
        }
    }
}